<?xml version="1.0" encoding="UTF-8"?>
<configuration>
	<property name="LogFileSize" value="3MB" />
	<property name="LogFileMin" value="1" />
	<property name="LogFileMax" value="5" />
	<property name="BaseFile" value="holgersgol" />

	<appender name="FILE" class="ch.qos.logback.core.rolling.RollingFileAppender">
		<file>${BaseFile}.log</file>
		<rollingPolicy class="ch.qos.logback.core.rolling.FixedWindowRollingPolicy">
			<fileNamePattern>${BaseFile}.%i.log.zip</fileNamePattern>
			<minIndex>${LogFileMin}</minIndex>
			<maxIndex>${LogFileMax}</maxIndex>
		</rollingPolicy>
		<triggeringPolicy class="ch.qos.logback.core.rolling.SizeBasedTriggeringPolicy">
			<maxFileSize>${LogFileSize}</maxFileSize>
		</triggeringPolicy>
		<encoder>
			<pattern>[%d{dd.MM.yy|HH:mm:ss}] [%-5level] [%thread: %logger{20}][%line] %msg%n</pattern>
		</encoder>
	</appender>
	
	<appender name="STDOUT" class="ch.qos.logback.core.ConsoleAppender">
		<encoder>
			<pattern>[%d{dd.MM.yy|HH:mm:ss}] [%-5level] [%thread: %logger{20}][%line] %msg%n</pattern>
		</encoder>
	</appender>

	<!-- Root -->
	<root level="DEBUG">
		<appender-ref ref="STDOUT" />
		<appender-ref ref="FILE" />
	</root>
</configuration>